{"current":{"logo_height":36,"logo_height_mobile":28,"type_body_font":"red_hat_display_n4","type_subheading_font":"red_hat_display_n6","type_heading_font":"trirong_n2","type_accent_font":"trirong_n2","type_size_paragraph":"14","type_font_h1":"heading","type_size_h1":"88","type_line_height_h1":"display-tight","type_letter_spacing_h1":"heading-normal","type_case_h1":"none","type_font_h2":"heading","type_size_h2":"48","type_letter_spacing_h2":"heading-normal","type_case_h2":"none","type_font_h3":"heading","type_size_h3":"32","type_line_height_h3":"heading-tight","type_letter_spacing_h3":"heading-normal","type_case_h3":"none","type_font_h4":"subheading","type_size_h4":"24","type_size_h5":"14","type_case_h5":"uppercase","type_font_h6":"body","type_size_h6":"12","type_case_h6":"none","page_width":"wide","card_hover_effect":"scale","badge_position":"top-right","badge_corner_radius":2,"badge_sale_color_scheme":"scheme-5","badge_sold_out_color_scheme":"scheme-3","badge_text_transform":"uppercase","primary_button_border_width":0,"button_border_radius_primary":0,"secondary_button_border_width":1,"button_border_radius_secondary":0,"cart_type":"drawer","icon_stroke":"thin","input_border_width":1,"inputs_border_radius":0,"popover_border_radius":4,"popover_border":"none","currency_code_enabled_product_pages":false,"currency_code_enabled_product_cards":false,"currency_code_enabled_cart_items":false,"card_title_case":"uppercase","variant_swatch_width":50,"variant_swatch_height":20,"variant_swatch_radius":0,"variant_button_border_width":1,"variant_button_radius":0,"variant_button_width":"equal-width-buttons","content_for_index":[],"blocks":{"14385498627555962481":{"type":"shopify:\/\/apps\/impulse-40-in-one-app-ai\/blocks\/app-extension\/a0825581-f170-4750-a686-8fa4a7518a27","disabled":true,"settings":{}},"1027443428159536739":{"type":"shopify:\/\/apps\/hextom-announce-bar\/blocks\/qab-embeded-block\/9ac2a261-3b8b-42c8-9613-d34eb2e079d3","disabled":true,"settings":{}}},"color_schemes":{"scheme-1":{"settings":{"background":"#f9f8f6","foreground_heading":"#000000","foreground":"#000000","primary":"#000000","primary_hover":"#000000","border":"#00000047","shadow":"#000000","primary_button_background":"#000000","primary_button_text":"#ffffff","primary_button_border":"#000000","primary_button_hover_background":"#000000","primary_button_hover_text":"#ffffff","primary_button_hover_border":"#000000","secondary_button_background":"#ffffff","secondary_button_text":"#000000","secondary_button_border":"#000000","secondary_button_hover_background":"#dedede","secondary_button_hover_text":"#000000","secondary_button_hover_border":"#000000","input_background":"#0000000d","input_text_color":"#000000","input_border_color":"rgba(0,0,0,0)","input_hover_background":"#e6e6e6","variant_background_color":"#f9f8f6","variant_text_color":"#000000","variant_border_color":"#e6e6e6","variant_hover_background_color":"#f5f5f5","variant_hover_text_color":"#000000","variant_hover_border_color":"#e6e6e6","selected_variant_background_color":"#000000","selected_variant_text_color":"#ffffff","selected_variant_border_color":"#000000","selected_variant_hover_background_color":"#1a1a1a","selected_variant_hover_text_color":"#ffffff","selected_variant_hover_border_color":"#1a1a1a"}},"scheme-2":{"settings":{"background":"#ffffff","foreground_heading":"#000000","foreground":"#000000","primary":"#000000","primary_hover":"#000000","border":"#e6e6e6","shadow":"#000000","primary_button_background":"#000000","primary_button_text":"#ffffff","primary_button_border":"#000000","primary_button_hover_background":"#000f9f","primary_button_hover_text":"#ffffff","primary_button_hover_border":"#000f9f","secondary_button_background":"#ffffff","secondary_button_text":"#000000","secondary_button_border":"#000000","secondary_button_hover_background":"#ffffff","secondary_button_hover_text":"#000f9f","secondary_button_hover_border":"#000f9f","input_background":"#ffffff","input_text_color":"#000000","input_border_color":"#000000","input_hover_background":"#f5f5f5","variant_background_color":"#ffffff","variant_text_color":"#000000","variant_border_color":"#e6e6e6","variant_hover_background_color":"#f5f5f5","variant_hover_text_color":"#000000","variant_hover_border_color":"#e6e6e6","selected_variant_background_color":"#000000","selected_variant_text_color":"#ffffff","selected_variant_border_color":"#000000","selected_variant_hover_background_color":"#1a1a1a","selected_variant_hover_text_color":"#ffffff","selected_variant_hover_border_color":"#1a1a1a"}},"scheme-3":{"settings":{"background":"#f7f7f7","foreground_heading":"#000000","foreground":"#000000","primary":"#000f9f","primary_hover":"#000000","border":"#d6d4d3","shadow":"#000000","primary_button_background":"#000000","primary_button_text":"#ffffff","primary_button_border":"#000000","primary_button_hover_background":"#000000","primary_button_hover_text":"#ffffff","primary_button_hover_border":"#000000","secondary_button_background":"#000000","secondary_button_text":"#000f9f","secondary_button_border":"#000f9f","secondary_button_hover_background":"#efefef","secondary_button_hover_text":"#000000","secondary_button_hover_border":"#000000","input_background":"#ffffff","input_text_color":"#000000","input_border_color":"#000000","input_hover_background":"#f5f5f5","variant_background_color":"#ffffff","variant_text_color":"#000000","variant_border_color":"#e6e6e6","variant_hover_background_color":"#f5f5f5","variant_hover_text_color":"#000000","variant_hover_border_color":"#e6e6e6","selected_variant_background_color":"#000000","selected_variant_text_color":"#ffffff","selected_variant_border_color":"#000000","selected_variant_hover_background_color":"#1a1a1a","selected_variant_hover_text_color":"#ffffff","selected_variant_hover_border_color":"#1a1a1a"}},"scheme-4":{"settings":{"background":"#2e2e2e","foreground_heading":"#ffffff","foreground":"#ffffff","primary":"#ffffff","primary_hover":"#e1e1e1","border":"#e1e1e1","shadow":"#000000","primary_button_background":"#ffffff","primary_button_text":"#000000","primary_button_border":"#ffffff","primary_button_hover_background":"#e1e1e1","primary_button_hover_text":"#000000","primary_button_hover_border":"#e1e1e1","secondary_button_background":"#000000","secondary_button_text":"#ffffff","secondary_button_border":"#ffffff","secondary_button_hover_background":"#505050","secondary_button_hover_text":"#ffffff","secondary_button_hover_border":"#505050","input_background":"#2e2e2e","input_text_color":"#f9f8f6","input_border_color":"#f9f8f6","input_hover_background":"#1a1a1a","variant_background_color":"#ffffff","variant_text_color":"#000000","variant_border_color":"#e6e6e6","variant_hover_background_color":"#f5f5f5","variant_hover_text_color":"#000000","variant_hover_border_color":"#e6e6e6","selected_variant_background_color":"#000000","selected_variant_text_color":"#ffffff","selected_variant_border_color":"#000000","selected_variant_hover_background_color":"#1a1a1a","selected_variant_hover_text_color":"#ffffff","selected_variant_hover_border_color":"#1a1a1a"}},"scheme-5":{"settings":{"background":"#f79494","foreground_heading":"#000000","foreground":"#000000","primary":"#000000","primary_hover":"#000000","border":"#666666","shadow":"#000000","primary_button_background":"#ffffff","primary_button_text":"#000000","primary_button_border":"#ffffff","primary_button_hover_background":"#dedede","primary_button_hover_text":"#000000","primary_button_hover_border":"#dedede","secondary_button_background":"#000000","secondary_button_text":"#ffffff","secondary_button_border":"#ffffff","secondary_button_hover_background":"#000000","secondary_button_hover_text":"#acacac","secondary_button_hover_border":"#acacac","input_background":"#ffffff","input_text_color":"#000000","input_border_color":"#000000","input_hover_background":"#f5f5f5","variant_background_color":"#ffffff","variant_text_color":"#000000","variant_border_color":"#e6e6e6","variant_hover_background_color":"#f5f5f5","variant_hover_text_color":"#000000","variant_hover_border_color":"#e6e6e6","selected_variant_background_color":"#000000","selected_variant_text_color":"#ffffff","selected_variant_border_color":"#000000","selected_variant_hover_background_color":"#1a1a1a","selected_variant_hover_text_color":"#ffffff","selected_variant_hover_border_color":"#1a1a1a"}},"scheme-6":{"settings":{"background":"rgba(0,0,0,0)","foreground_heading":"#e9c887","foreground":"#ffffff","primary":"#ffffff","primary_hover":"#acacac","border":"rgba(0,0,0,0)","shadow":"rgba(0,0,0,0)","primary_button_background":"#1ddda0","primary_button_text":"#000000","primary_button_border":"#ffffff","primary_button_hover_background":"#dedede","primary_button_hover_text":"#000000","primary_button_hover_border":"#dedede","secondary_button_background":"rgba(0,0,0,0)","secondary_button_text":"#ffffff","secondary_button_border":"#ffffff","secondary_button_hover_background":"rgba(0,0,0,0)","secondary_button_hover_text":"#acacac","secondary_button_hover_border":"#acacac","input_background":"#f4f4f4","input_text_color":"#000000","input_border_color":"#000000","input_hover_background":"#f5f5f5","variant_background_color":"#ffffff","variant_text_color":"#000000","variant_border_color":"#e6e6e6","variant_hover_background_color":"#f5f5f5","variant_hover_text_color":"#000000","variant_hover_border_color":"#e6e6e6","selected_variant_background_color":"#000000","selected_variant_text_color":"#ffffff","selected_variant_border_color":"#000000","selected_variant_hover_background_color":"#1a1a1a","selected_variant_hover_text_color":"#ffffff","selected_variant_hover_border_color":"#1a1a1a"}},"scheme-58084d4c-a86e-4d0a-855e-a0966e5043f7":{"settings":{"background":"#00000008","foreground_heading":"#000000","foreground":"#000000","primary":"#000000","primary_hover":"#000000","border":"#e6e6e6","shadow":"#000000","primary_button_background":"#000000","primary_button_text":"#ffffff","primary_button_border":"#000000","primary_button_hover_background":"#000000cc","primary_button_hover_text":"#ffffff","primary_button_hover_border":"#000000cf","secondary_button_background":"#efefef","secondary_button_text":"#000000","secondary_button_border":"#000f9f","secondary_button_hover_background":"#dedede","secondary_button_hover_text":"#000000","secondary_button_hover_border":"#000000","input_background":"#ffffff","input_text_color":"#000000","input_border_color":"#000000","input_hover_background":"#f5f5f5","variant_background_color":"#ffffff","variant_text_color":"#000000","variant_border_color":"#e6e6e6","variant_hover_background_color":"#f5f5f5","variant_hover_text_color":"#000000","variant_hover_border_color":"#e6e6e6","selected_variant_background_color":"#000000","selected_variant_text_color":"#ffffff","selected_variant_border_color":"#000000","selected_variant_hover_background_color":"#1a1a1a","selected_variant_hover_text_color":"#ffffff","selected_variant_hover_border_color":"#1a1a1a"}},"scheme-49a066ba-92b6-4e51-8a97-00bd23adbe49":{"settings":{"background":"#f9f8f6","foreground_heading":"#000000","foreground":"#000000","primary":"#000000","primary_hover":"#000000","border":"#00000047","shadow":"#000000","primary_button_background":"#000000","primary_button_text":"#ffffff","primary_button_border":"#000000","primary_button_hover_background":"#000000","primary_button_hover_text":"#ffffff","primary_button_hover_border":"#000000","secondary_button_background":"#ffffff","secondary_button_text":"#000000","secondary_button_border":"#000000","secondary_button_hover_background":"#dedede","secondary_button_hover_text":"#000000","secondary_button_hover_border":"#000000","input_background":"#0000000d","input_text_color":"#000000","input_border_color":"rgba(0,0,0,0)","input_hover_background":"#e6e6e6","variant_background_color":"#f9f8f6","variant_text_color":"#000000","variant_border_color":"#e6e6e6","variant_hover_background_color":"#f5f5f5","variant_hover_text_color":"#000000","variant_hover_border_color":"#e6e6e6","selected_variant_background_color":"#000000","selected_variant_text_color":"#ffffff","selected_variant_border_color":"#000000","selected_variant_hover_background_color":"#1a1a1a","selected_variant_hover_text_color":"#ffffff","selected_variant_hover_border_color":"#1a1a1a"}},"scheme-711db98d-3d07-4970-9119-1226fb6e09d4":{"settings":{"background":"#f7d8a5","foreground_heading":"#000000","foreground":"#000000","primary":"#000000","primary_hover":"#000000","border":"#00000047","shadow":"#000000","primary_button_background":"#000000","primary_button_text":"#ffffff","primary_button_border":"#000000","primary_button_hover_background":"#000000","primary_button_hover_text":"#ffffff","primary_button_hover_border":"#000000","secondary_button_background":"#ffffff","secondary_button_text":"#000000","secondary_button_border":"#000000","secondary_button_hover_background":"#dedede","secondary_button_hover_text":"#000000","secondary_button_hover_border":"#000000","input_background":"#0000000d","input_text_color":"#000000","input_border_color":"rgba(0,0,0,0)","input_hover_background":"#e6e6e6","variant_background_color":"#f9f8f6","variant_text_color":"#000000","variant_border_color":"#e6e6e6","variant_hover_background_color":"#f5f5f5","variant_hover_text_color":"#000000","variant_hover_border_color":"#e6e6e6","selected_variant_background_color":"#000000","selected_variant_text_color":"#ffffff","selected_variant_border_color":"#000000","selected_variant_hover_background_color":"#1a1a1a","selected_variant_hover_text_color":"#ffffff","selected_variant_hover_border_color":"#1a1a1a"}},"scheme-c832b38e-e590-4358-9f3d-5148be3d5366":{"settings":{"background":"rgba(0,0,0,0)","foreground_heading":"#000000","foreground":"#000000","primary":"#000000","primary_hover":"#000000","border":"#00000047","shadow":"#000000","primary_button_background":"#000000","primary_button_text":"#ffffff","primary_button_border":"#000000","primary_button_hover_background":"#000000","primary_button_hover_text":"#ffffff","primary_button_hover_border":"#000000","secondary_button_background":"#00000000","secondary_button_text":"#000000","secondary_button_border":"#000000","secondary_button_hover_background":"#dedede","secondary_button_hover_text":"#000000","secondary_button_hover_border":"#000000","input_background":"#00000000","input_text_color":"#000000","input_border_color":"rgba(0,0,0,0)","input_hover_background":"#e6e6e6","variant_background_color":"#f9f8f600","variant_text_color":"#000000","variant_border_color":"#e6e6e6","variant_hover_background_color":"#f5f5f5","variant_hover_text_color":"#000000","variant_hover_border_color":"#e6e6e6","selected_variant_background_color":"#000000","selected_variant_text_color":"#ffffff","selected_variant_border_color":"#000000","selected_variant_hover_background_color":"#1a1a1a","selected_variant_hover_text_color":"#ffffff","selected_variant_hover_border_color":"#1a1a1a"}},"scheme-325be164-dd01-4bad-a17b-fb07b2d8bc03":{"settings":{"background":"#f9f8f6","foreground_heading":"#000000","foreground":"#000000","primary":"#000000","primary_hover":"#000000","border":"#00000047","shadow":"#000000","primary_button_background":"#000000","primary_button_text":"#ffffff","primary_button_border":"#000000","primary_button_hover_background":"#000000","primary_button_hover_text":"#ffffff","primary_button_hover_border":"#000000","secondary_button_background":"#ffffff","secondary_button_text":"#000000","secondary_button_border":"#000000","secondary_button_hover_background":"#dedede","secondary_button_hover_text":"#000000","secondary_button_hover_border":"#000000","input_background":"#0000000d","input_text_color":"#000000","input_border_color":"rgba(0,0,0,0)","input_hover_background":"#e6e6e6","variant_background_color":"#f9f8f6","variant_text_color":"#000000","variant_border_color":"#e6e6e6","variant_hover_background_color":"#f5f5f5","variant_hover_text_color":"#000000","variant_hover_border_color":"#e6e6e6","selected_variant_background_color":"#000000","selected_variant_text_color":"#ffffff","selected_variant_border_color":"#000000","selected_variant_hover_background_color":"#1a1a1a","selected_variant_hover_text_color":"#ffffff","selected_variant_hover_border_color":"#1a1a1a"}}}},"presets":{"Vessel":{"color_schemes":{"scheme-1":{"settings":{"background":"#f9f8f6","foreground_heading":"#000000","foreground":"#000000","primary":"#000000","primary_hover":"#000000","border":"#00000047","shadow":"#000000","primary_button_background":"#000000","primary_button_text":"#ffffff","primary_button_border":"#000000","primary_button_hover_background":"#000000","primary_button_hover_text":"#ffffff","primary_button_hover_border":"#000000","secondary_button_background":"#ffffff","secondary_button_text":"#000000","secondary_button_border":"#000000","secondary_button_hover_background":"#dedede","secondary_button_hover_text":"#000000","secondary_button_hover_border":"#000000","input_background":"#0000000d","input_text_color":"#000000","input_border_color":"rgba(0,0,0,0)","input_hover_background":"#e6e6e6","variant_background_color":"#f9f8f6","variant_text_color":"#000000","variant_border_color":"#e6e6e6","variant_hover_background_color":"#f5f5f5","variant_hover_text_color":"#000000","variant_hover_border_color":"#e6e6e6","selected_variant_background_color":"#000000","selected_variant_text_color":"#ffffff","selected_variant_border_color":"#000000","selected_variant_hover_background_color":"#1a1a1a","selected_variant_hover_text_color":"#ffffff","selected_variant_hover_border_color":"#1a1a1a"}},"scheme-2":{"settings":{"background":"#ffffff","foreground_heading":"#000000","foreground":"#000000","primary":"#000000","primary_hover":"#000000","border":"#e6e6e6","shadow":"#000000","primary_button_background":"#000000","primary_button_text":"#ffffff","primary_button_border":"#000000","primary_button_hover_background":"#000f9f","primary_button_hover_text":"#ffffff","primary_button_hover_border":"#000f9f","secondary_button_background":"#ffffff","secondary_button_text":"#000000","secondary_button_border":"#000000","secondary_button_hover_background":"#ffffff","secondary_button_hover_text":"#000f9f","secondary_button_hover_border":"#000f9f","input_background":"#ffffff","input_text_color":"#000000","input_border_color":"#000000","input_hover_background":"#f5f5f5","variant_background_color":"#ffffff","variant_text_color":"#000000","variant_border_color":"#e6e6e6","variant_hover_background_color":"#f5f5f5","variant_hover_text_color":"#000000","variant_hover_border_color":"#e6e6e6","selected_variant_background_color":"#000000","selected_variant_text_color":"#ffffff","selected_variant_border_color":"#000000","selected_variant_hover_background_color":"#1a1a1a","selected_variant_hover_text_color":"#ffffff","selected_variant_hover_border_color":"#1a1a1a"}},"scheme-3":{"settings":{"background":"#f7f7f7","foreground_heading":"#000000","foreground":"#000000","primary":"#000f9f","primary_hover":"#000000","border":"#d6d4d3","shadow":"#000000","primary_button_background":"#000000","primary_button_text":"#ffffff","primary_button_border":"#000000","primary_button_hover_background":"#000000","primary_button_hover_text":"#ffffff","primary_button_hover_border":"#000000","secondary_button_background":"#000000","secondary_button_text":"#000f9f","secondary_button_border":"#000f9f","secondary_button_hover_background":"#efefef","secondary_button_hover_text":"#000000","secondary_button_hover_border":"#000000","input_background":"#ffffff","input_text_color":"#000000","input_border_color":"#000000","input_hover_background":"#f5f5f5","variant_background_color":"#ffffff","variant_text_color":"#000000","variant_border_color":"#e6e6e6","variant_hover_background_color":"#f5f5f5","variant_hover_text_color":"#000000","variant_hover_border_color":"#e6e6e6","selected_variant_background_color":"#000000","selected_variant_text_color":"#ffffff","selected_variant_border_color":"#000000","selected_variant_hover_background_color":"#1a1a1a","selected_variant_hover_text_color":"#ffffff","selected_variant_hover_border_color":"#1a1a1a"}},"scheme-4":{"settings":{"background":"#2e2e2e","foreground_heading":"#ffffff","foreground":"#ffffff","primary":"#ffffff","primary_hover":"#e1e1e1","border":"#e1e1e1","shadow":"#000000","primary_button_background":"#ffffff","primary_button_text":"#000000","primary_button_border":"#ffffff","primary_button_hover_background":"#e1e1e1","primary_button_hover_text":"#000000","primary_button_hover_border":"#e1e1e1","secondary_button_background":"#000000","secondary_button_text":"#ffffff","secondary_button_border":"#ffffff","secondary_button_hover_background":"#505050","secondary_button_hover_text":"#ffffff","secondary_button_hover_border":"#505050","input_background":"#2e2e2e","input_text_color":"#f9f8f6","input_border_color":"#f9f8f6","input_hover_background":"#1a1a1a","variant_background_color":"#ffffff","variant_text_color":"#000000","variant_border_color":"#e6e6e6","variant_hover_background_color":"#f5f5f5","variant_hover_text_color":"#000000","variant_hover_border_color":"#e6e6e6","selected_variant_background_color":"#000000","selected_variant_text_color":"#ffffff","selected_variant_border_color":"#000000","selected_variant_hover_background_color":"#1a1a1a","selected_variant_hover_text_color":"#ffffff","selected_variant_hover_border_color":"#1a1a1a"}},"scheme-5":{"settings":{"background":"#e4dfb5","foreground_heading":"#000000","foreground":"#000000","primary":"#000000","primary_hover":"#000000","border":"#666666","shadow":"#000000","primary_button_background":"#ffffff","primary_button_text":"#000000","primary_button_border":"#ffffff","primary_button_hover_background":"#dedede","primary_button_hover_text":"#000000","primary_button_hover_border":"#dedede","secondary_button_background":"#000000","secondary_button_text":"#ffffff","secondary_button_border":"#ffffff","secondary_button_hover_background":"#000000","secondary_button_hover_text":"#acacac","secondary_button_hover_border":"#acacac","input_background":"#ffffff","input_text_color":"#000000","input_border_color":"#000000","input_hover_background":"#f5f5f5","variant_background_color":"#ffffff","variant_text_color":"#000000","variant_border_color":"#e6e6e6","variant_hover_background_color":"#f5f5f5","variant_hover_text_color":"#000000","variant_hover_border_color":"#e6e6e6","selected_variant_background_color":"#000000","selected_variant_text_color":"#ffffff","selected_variant_border_color":"#000000","selected_variant_hover_background_color":"#1a1a1a","selected_variant_hover_text_color":"#ffffff","selected_variant_hover_border_color":"#1a1a1a"}},"scheme-6":{"settings":{"background":"rgba(0,0,0,0)","foreground_heading":"#ffffff","foreground":"#ffffff","primary":"#ffffff","primary_hover":"#acacac","border":"rgba(0,0,0,0)","shadow":"rgba(0,0,0,0)","primary_button_background":"#ffffff","primary_button_text":"#000000","primary_button_border":"#ffffff","primary_button_hover_background":"#dedede","primary_button_hover_text":"#000000","primary_button_hover_border":"#dedede","secondary_button_background":"rgba(0,0,0,0)","secondary_button_text":"#ffffff","secondary_button_border":"#ffffff","secondary_button_hover_background":"rgba(0,0,0,0)","secondary_button_hover_text":"#acacac","secondary_button_hover_border":"#acacac","input_background":"#ffffff","input_text_color":"#000000","input_border_color":"#000000","input_hover_background":"#f5f5f5","variant_background_color":"#ffffff","variant_text_color":"#000000","variant_border_color":"#e6e6e6","variant_hover_background_color":"#f5f5f5","variant_hover_text_color":"#000000","variant_hover_border_color":"#e6e6e6","selected_variant_background_color":"#000000","selected_variant_text_color":"#ffffff","selected_variant_border_color":"#000000","selected_variant_hover_background_color":"#1a1a1a","selected_variant_hover_text_color":"#ffffff","selected_variant_hover_border_color":"#1a1a1a"}},"scheme-58084d4c-a86e-4d0a-855e-a0966e5043f7":{"settings":{"background":"#00000008","foreground_heading":"#000000","foreground":"#000000","primary":"#000000","primary_hover":"#000000","border":"#e6e6e6","shadow":"#000000","primary_button_background":"#000000","primary_button_text":"#ffffff","primary_button_border":"#000000","primary_button_hover_background":"#000000cc","primary_button_hover_text":"#ffffff","primary_button_hover_border":"#000000cf","secondary_button_background":"#efefef","secondary_button_text":"#000000","secondary_button_border":"#000f9f","secondary_button_hover_background":"#dedede","secondary_button_hover_text":"#000000","secondary_button_hover_border":"#000000","input_background":"#ffffff","input_text_color":"#000000","input_border_color":"#000000","input_hover_background":"#f5f5f5","variant_background_color":"#ffffff","variant_text_color":"#000000","variant_border_color":"#e6e6e6","variant_hover_background_color":"#f5f5f5","variant_hover_text_color":"#000000","variant_hover_border_color":"#e6e6e6","selected_variant_background_color":"#000000","selected_variant_text_color":"#ffffff","selected_variant_border_color":"#000000","selected_variant_hover_background_color":"#1a1a1a","selected_variant_hover_text_color":"#ffffff","selected_variant_hover_border_color":"#1a1a1a"}}}}}}