{"sections":{"custom_liquid_rQUF7n":{"type":"custom-liquid","name":"t:names.custom_liquid","settings":{"custom_liquid":"<style>\n.hero-video-wrapper {\n  position: relative;\n  padding-bottom: 42%; \/* keeps 16:9 ratio *\/\n  height: 0;\n  overflow: hidden;\n  border-radius: 20px;\n  box-shadow: 0 10px 25px rgba(0,0,0,0.15);\n}\n\n.hero-video-wrapper iframe {\n  position: absolute;\n  top: 50%;\n  left: 50%;\n  width: 125%;    \/* slightly zoomed horizontally *\/\n  height: 125%;   \/* slightly zoomed vertically *\/\n  transform: translate(-50%, -50%); \/* centers the video *\/\n  border: 0;\n}\n\n.hero-overlay {\n  position: absolute;\n  top: 0;\n  left: 0;\n  width: 100%;\n  height: 100%;\n  background: rgba(0,0,0,0.3); \/* dark overlay for text contrast *\/\n  display: flex;\n  flex-direction: column;\n  justify-content: center;\n  align-items: center;\n  color: white;\n  text-align: center;\n  padding: 2rem;\n}\n\n.hero-overlay h1 {\n  font-size: 2.5rem;\n  margin-bottom: 1rem;\n}\n\n.hero-overlay a {\n  background: #ff6699;\n  color: white;\n  padding: 0.8rem 1.6rem;\n  border-radius: 9999px;\n  text-decoration: none;\n  font-weight: bold;\n  transition: background 0.3s ease;\n}\n\n.hero-overlay a:hover {\n  background: #ff3380;\n}\n<\/style>\n\n<div class=\"hero-video-wrapper\">\n  <iframe \n    src=\"https:\/\/www.youtube.com\/embed\/2zURqEf8jHw?autoplay=1&mute=1&loop=1&playlist=2zURqEf8jHw&controls=0&modestbranding=1&showinfo=0\" \n    allow=\"autoplay; encrypted-media; picture-in-picture\" \n    allowfullscreen>\n  <\/iframe>\n<\/div>","color_scheme":"","section_width":"page-width","padding-block-start":0,"padding-block-end":0}},"hero_irjTFL":{"type":"hero","blocks":{"custom_liquid_bPNcTi":{"type":"custom-liquid","name":"t:names.custom_liquid","settings":{"custom_liquid":"<style>\n.hero-video-wrapper {\n  position: relative;\n  padding-bottom: 56.25%; \/* keeps 16:9 ratio *\/\n  height: 0;\n  overflow: hidden;\n  border-radius: 20px;\n  box-shadow: 0 10px 25px rgba(0,0,0,0.15);\n}\n.hero-video-wrapper iframe {\n  position: absolute;\n  top: 0;\n  left: 0;\n  width: 100%;\n  height: 100%;\n  border: 0;\n}\n.hero-overlay {\n  position: absolute;\n  top: 0;\n  left: 0;\n  width: 100%;\n  height: 100%;\n  background: rgba(0,0,0,0.3); \/* dark overlay for text contrast *\/\n  display: flex;\n  flex-direction: column;\n  justify-content: center;\n  align-items: center;\n  color: white;\n  text-align: center;\n  padding: 2rem;\n}\n.hero-overlay h1 {\n  font-size: 2.5rem;\n  margin-bottom: 1rem;\n}\n.hero-overlay a {\n  background: #ff6699;\n  color: white;\n  padding: 0.8rem 1.6rem;\n  border-radius: 9999px;\n  text-decoration: none;\n  font-weight: bold;\n  transition: background 0.3s ease;\n}\n.hero-overlay a:hover {\n  background: #ff3380;\n}\n<\/style>\n\n<div class=\"hero-video-wrapper\">\n  <iframe \n    src=\"https:\/\/www.youtube.com\/embed\/2zURqEf8jHw?autoplay=1&mute=1&loop=1&playlist=2zURqEf8jHw&controls=0&modestbranding=1&showinfo=0\" \n    allow=\"autoplay; encrypted-media; picture-in-picture\" \n    allowfullscreen>\n  <\/iframe>\n  <div class=\"hero-overlay\">\n    <h1>Welcome to BEBESTORE<\/h1>\n    <a href=\"\/collections\/all\">Shop Now<\/a>\n  <\/div>\n<\/div>"},"blocks":{}}},"block_order":["custom_liquid_bPNcTi"],"disabled":true,"name":"Hero","settings":{"media_type_1":"video","image_1":"shopify:\/\/shop_images\/110135_1.jpg","media_type_2":"image","stack_media_on_mobile":false,"custom_mobile_media":false,"media_type_1_mobile":"image","media_type_2_mobile":"image","link":"shopify:\/\/collections","open_in_new_tab":false,"content_direction":"row","vertical_on_mobile":true,"horizontal_alignment":"flex-start","vertical_alignment":"center","align_baseline":false,"horizontal_alignment_flex_direction_column":"center","vertical_alignment_flex_direction_column":"flex-end","gap":96,"section_width":"page-width","section_height":"large","section_height_custom":50,"color_scheme":"scheme-6","toggle_overlay":true,"overlay_color":"#0000009e","overlay_style":"gradient","gradient_direction":"to top","blurred_reflection":false,"reflection_opacity":75,"padding-block-start":48,"padding-block-end":48}},"marquee_igVKJ8":{"type":"marquee","blocks":{"text_P8xJgL":{"type":"text","settings":{"text":"<p><em>Transporti në të gjithë Kosovën është <\/em><em><strong>FALAS!<\/strong><\/em><\/p>","width":"100%","max_width":"narrow","alignment":"center","type_preset":"custom","font":"var(--font-body--family)","font_size":"1rem","line_height":"tight","letter_spacing":"tight","case":"none","wrap":"balance","color":"var(--color-foreground)","background":false,"background_color":"#00000026","corner_radius":0,"padding-block-start":0,"padding-block-end":0,"padding-inline-start":0,"padding-inline-end":0},"blocks":{}}},"block_order":["text_P8xJgL"],"name":"t:names.marquee_section","settings":{"movement_direction":"normal","color_scheme":"scheme-711db98d-3d07-4970-9119-1226fb6e09d4","padding-block-start":24,"padding-block-end":24,"gap_between_elements":24}},"product_list_NM74A4":{"type":"product-list","blocks":{"static-header":{"type":"_product-list-content","static":true,"settings":{"content_direction":"column","vertical_on_mobile":true,"horizontal_alignment":"flex-start","vertical_alignment":"center","align_baseline":false,"horizontal_alignment_flex_direction_column":"center","vertical_alignment_flex_direction_column":"center","gap":12,"width":"fill","custom_width":100,"width_mobile":"fill","custom_width_mobile":100,"height":"fit","custom_height":100,"inherit_color_scheme":true,"color_scheme":"","background_media":"none","video_position":"cover","background_image_position":"cover","border":"none","border_width":1,"border_opacity":100,"border_radius":0,"padding-block-start":0,"padding-block-end":0,"padding-inline-start":0,"padding-inline-end":0},"blocks":{"product_list_text_WUP7Fc":{"type":"_product-list-text","name":"t:names.collection_title","settings":{"text":"<h2>Produkte të reja<\/h2>","width":"fit-content","max_width":"normal","alignment":"left","type_preset":"h5","font":"var(--font-secondary--family)","font_size":"var(--font-size--body-md)","line_height":"loose","letter_spacing":"loose","case":"uppercase","wrap":"pretty","color":"","background":false,"background_color":"#00000026","corner_radius":0,"padding-block-start":0,"padding-block-end":0,"padding-inline-start":0,"padding-inline-end":0},"blocks":{}},"product_list_text_NF3wpr":{"type":"_product-list-text","name":"t:names.collection_title","settings":{"text":"<p><strong>Zbuloni risitë më të reja për të vegjlit tuaj!<\/strong><\/p>","width":"fit-content","max_width":"normal","alignment":"left","type_preset":"h3","font":"var(--font-tertiary--family)","font_size":"var(--font-size--heading-md)","line_height":"normal","letter_spacing":"normal","case":"none","wrap":"pretty","color":"","background":false,"background_color":"#00000026","corner_radius":0,"padding-block-start":0,"padding-block-end":0,"padding-inline-start":0,"padding-inline-end":0},"blocks":{}}},"block_order":["product_list_text_WUP7Fc","product_list_text_NF3wpr"]},"static-product-card":{"type":"_product-card","name":"t:names.product_card","static":true,"settings":{"product_card_gap":20,"inherit_color_scheme":true,"color_scheme":"","border":"none","border_width":1,"border_opacity":100,"border_radius":0,"padding-block-start":0,"padding-block-end":0,"padding-inline-start":0,"padding-inline-end":0},"blocks":{"product_card_gallery_yhKdEr":{"type":"_product-card-gallery","name":"t:names.product_card_media","settings":{"image_ratio":"portrait","border":"none","border_width":1,"border_opacity":100,"border_radius":0,"padding-block-start":0,"padding-block-end":0,"padding-inline-start":0,"padding-inline-end":0},"blocks":{}},"product_card_group_pLjkKp":{"type":"_product-card-group","name":"t:names.group","settings":{"content_direction":"column","vertical_on_mobile":true,"horizontal_alignment":"flex-start","vertical_alignment":"center","align_baseline":false,"horizontal_alignment_flex_direction_column":"center","vertical_alignment_flex_direction_column":"center","gap":4,"width":"fill","custom_width":100,"width_mobile":"fill","custom_width_mobile":100,"height":"fit","custom_height":100,"inherit_color_scheme":true,"color_scheme":"","background_media":"none","video_position":"cover","background_image_position":"cover","border":"none","border_width":1,"border_opacity":100,"border_radius":0,"toggle_overlay":false,"overlay_color":"#00000026","overlay_style":"solid","gradient_direction":"to top","link":"","open_in_new_tab":false,"padding-block-start":0,"padding-block-end":0,"padding-inline-start":0,"padding-inline-end":0},"blocks":{"product_title_7LTHEx":{"type":"product-title","name":"t:names.product_title","settings":{"width":"fit-content","max_width":"normal","alignment":"left","type_preset":"h5","font":"var(--font-body--family)","font_size":"1rem","line_height":"normal","letter_spacing":"normal","case":"none","wrap":"pretty","color":"var(--color-foreground)","background":false,"background_color":"#00000026","corner_radius":0,"padding-block-start":0,"padding-block-end":0,"padding-inline-start":0,"padding-inline-end":0},"blocks":{}},"price_cwc6CH":{"type":"price","name":"t:names.product_price","settings":{"show_sale_price_first":true,"show_installments":false,"show_tax_info":false,"type_preset":"paragraph","width":"100%","alignment":"center","font":"var(--font-body--family)","font_size":"1rem","line_height":"normal","letter_spacing":"normal","case":"none","color":"var(--color-foreground)","padding-block-start":0,"padding-block-end":0,"padding-inline-start":0,"padding-inline-end":0},"blocks":{}}},"block_order":["product_title_7LTHEx","price_cwc6CH"]}},"block_order":["product_card_gallery_yhKdEr","product_card_group_pLjkKp"]}},"name":"Featured collection","settings":{"collection":"produkte-te-reja","layout_type":"carousel","carousel_on_mobile":true,"max_products":16,"columns":5,"mobile_columns":"2","mobile_card_size":"60cqw","columns_gap":24,"rows_gap":12,"icons_style":"arrow","icons_shape":"circle","section_width":"page-width","horizontal_alignment":"center","gap":28,"color_scheme":"scheme-1","padding-block-start":48,"padding-block-end":48}},"featured_product_yEF9dK":{"type":"featured-product","name":"t:names.featured_product","settings":{"product":"","layout":"media-left","color_scheme":"scheme-2","padding-block-start":0,"padding-block-end":0}},"featured_product_kAzr6f":{"type":"featured-product","name":"t:names.featured_product","settings":{"product":"","layout":"media-right","color_scheme":"scheme-2","padding-block-start":0,"padding-block-end":0}},"product_list_nQbyNK":{"type":"product-list","blocks":{"static-header":{"type":"_product-list-content","static":true,"settings":{"content_direction":"column","vertical_on_mobile":true,"horizontal_alignment":"flex-start","vertical_alignment":"center","align_baseline":false,"horizontal_alignment_flex_direction_column":"center","vertical_alignment_flex_direction_column":"center","gap":12,"width":"fill","custom_width":100,"width_mobile":"fill","custom_width_mobile":100,"height":"fit","custom_height":100,"inherit_color_scheme":true,"color_scheme":"","background_media":"none","video_position":"cover","background_image_position":"cover","border":"none","border_width":1,"border_opacity":100,"border_radius":0,"padding-block-start":0,"padding-block-end":0,"padding-inline-start":0,"padding-inline-end":0},"blocks":{"product_list_text_zLcYgf":{"type":"_product-list-text","name":"t:names.collection_title","settings":{"text":"<h2>Produkte në ofertë<\/h2>","width":"fit-content","max_width":"normal","alignment":"left","type_preset":"h5","font":"var(--font-secondary--family)","font_size":"var(--font-size--body-md)","line_height":"loose","letter_spacing":"loose","case":"uppercase","wrap":"pretty","color":"","background":false,"background_color":"#00000026","corner_radius":0,"padding-block-start":0,"padding-block-end":0,"padding-inline-start":0,"padding-inline-end":0},"blocks":{}},"product_list_text_3FXyz8":{"type":"_product-list-text","name":"t:names.collection_title","settings":{"text":"<p><strong>Zbritje të ëmbla për vogëlushët tuaj!<\/strong><\/p>","width":"fit-content","max_width":"normal","alignment":"left","type_preset":"h3","font":"var(--font-tertiary--family)","font_size":"var(--font-size--heading-md)","line_height":"normal","letter_spacing":"normal","case":"none","wrap":"pretty","color":"","background":false,"background_color":"#00000026","corner_radius":0,"padding-block-start":0,"padding-block-end":0,"padding-inline-start":0,"padding-inline-end":0},"blocks":{}}},"block_order":["product_list_text_zLcYgf","product_list_text_3FXyz8"]},"static-product-card":{"type":"_product-card","name":"t:names.product_card","static":true,"settings":{"product_card_gap":20,"inherit_color_scheme":true,"color_scheme":"","border":"none","border_width":1,"border_opacity":100,"border_radius":0,"padding-block-start":0,"padding-block-end":0,"padding-inline-start":0,"padding-inline-end":0},"blocks":{"product_card_gallery_ddFare":{"type":"_product-card-gallery","name":"t:names.product_card_media","settings":{"image_ratio":"portrait","border":"none","border_width":1,"border_opacity":100,"border_radius":0,"padding-block-start":0,"padding-block-end":0,"padding-inline-start":0,"padding-inline-end":0},"blocks":{}},"group_pVBb3Q":{"type":"_product-card-group","name":"t:names.group","settings":{"content_direction":"column","vertical_on_mobile":true,"horizontal_alignment":"flex-start","vertical_alignment":"center","align_baseline":false,"horizontal_alignment_flex_direction_column":"center","vertical_alignment_flex_direction_column":"center","gap":4,"width":"fill","custom_width":100,"width_mobile":"fill","custom_width_mobile":100,"height":"fit","custom_height":100,"inherit_color_scheme":true,"color_scheme":"","background_media":"none","video_position":"cover","background_image_position":"cover","border":"none","border_width":1,"border_opacity":100,"border_radius":0,"toggle_overlay":false,"overlay_color":"#00000026","overlay_style":"solid","gradient_direction":"to top","link":"","open_in_new_tab":false,"padding-block-start":0,"padding-block-end":0,"padding-inline-start":0,"padding-inline-end":0},"blocks":{"product_title_AWMHkm":{"type":"product-title","name":"t:names.product_title","settings":{"width":"fit-content","max_width":"normal","alignment":"left","type_preset":"h5","font":"var(--font-body--family)","font_size":"1rem","line_height":"normal","letter_spacing":"normal","case":"none","wrap":"pretty","color":"var(--color-foreground)","background":false,"background_color":"#00000026","corner_radius":0,"padding-block-start":0,"padding-block-end":0,"padding-inline-start":0,"padding-inline-end":0},"blocks":{}},"price_tcappF":{"type":"price","name":"t:names.product_price","settings":{"show_sale_price_first":true,"show_installments":false,"show_tax_info":false,"type_preset":"paragraph","width":"100%","alignment":"center","font":"var(--font-body--family)","font_size":"1rem","line_height":"normal","letter_spacing":"normal","case":"none","color":"var(--color-foreground)","padding-block-start":0,"padding-block-end":0,"padding-inline-start":0,"padding-inline-end":0},"blocks":{}}},"block_order":["product_title_AWMHkm","price_tcappF"]}},"block_order":["product_card_gallery_ddFare","group_pVBb3Q"]}},"name":"Featured collection","settings":{"collection":"oferte","layout_type":"carousel","carousel_on_mobile":true,"max_products":16,"columns":5,"mobile_columns":"2","mobile_card_size":"60cqw","columns_gap":24,"rows_gap":12,"icons_style":"arrow","icons_shape":"circle","section_width":"page-width","horizontal_alignment":"flex-start","gap":28,"color_scheme":"scheme-1","padding-block-start":48,"padding-block-end":48}},"collection_list_bGtkjG":{"type":"collection-list","blocks":{"static-collection-card":{"type":"_collection-card","name":"grid","static":true,"settings":{"placement":"on_image","horizontal_alignment":"center","vertical_alignment":"flex-end","collection_card_gap":8,"inherit_color_scheme":true,"color_scheme":"scheme-6","border":"none","border_width":1,"border_opacity":100,"border_radius":0},"blocks":{"collection_title_YE93WK":{"type":"collection-title","name":"t:names.collection_title","settings":{"width":"fit-content","max_width":"normal","alignment":"left","type_preset":"h5","font":"var(--font-body--family)","font_size":"1rem","line_height":"normal","letter_spacing":"normal","case":"none","wrap":"pretty","color":"var(--color-foreground)","background":true,"background_color":"#ffffff","corner_radius":0,"padding-block-start":4,"padding-block-end":4,"padding-inline-start":43,"padding-inline-end":42},"blocks":{}},"collection-card-image":{"type":"_collection-card-image","name":"t:names.collection_card_image","static":true,"settings":{"image_ratio":"portrait","toggle_overlay":false,"overlay_color":"#00000026","overlay_style":"solid","gradient_direction":"to top","border":"none","border_width":1,"border_opacity":100,"border_radius":0},"blocks":{}}},"block_order":["collection_title_YE93WK"]}},"name":"t:names.collections_grid","settings":{"collection_list":["aksesore","veshje","karroca","krevate","lodra-dhe-argetim","napa-batanije","ushqyerja-e-bebit","oferte"],"layout_type":"grid","carousel_on_mobile":false,"columns":4,"mobile_columns":"1","mobile_card_size":"60cqw","columns_gap":3,"bento_gap":8,"rows_gap":3,"max_collections":4,"icons_style":"arrow","icons_shape":"none","section_width":"page-width","gap":0,"color_scheme":"","padding-block-start":48,"padding-block-end":48}}},"order":["custom_liquid_rQUF7n","hero_irjTFL","marquee_igVKJ8","product_list_NM74A4","featured_product_yEF9dK","featured_product_kAzr6f","product_list_nQbyNK","collection_list_bGtkjG"]}