{"type":"footer","name":"t:names.footer","sections":{"utilities":{"type":"footer-utilities","blocks":{"footer_copyright_YdKQ3x":{"type":"footer-copyright","name":"t:names.copyright","settings":{"show_powered_by":false,"font_size":"0.75rem","case":"none"},"blocks":{}},"footer_policy_list_ErQM9U":{"type":"footer-policy-list","name":"t:names.policy_list","settings":{"font_size":"0.75rem","case":"none"},"blocks":{}},"social_links_W6LiWP":{"type":"social-links","name":"t:names.social_media_links","settings":{"facebook_url":"https:\/\/www.facebook.com","instagram_url":"https:\/\/www.instagram.com","youtube_url":"","tiktok_url":"https:\/\/www.tiktok.com","twitter_url":"","threads_url":"","linkedin_url":"","bluesky_url":"","snapchat_url":"","pinterest_url":"","tumblr_url":"","vimeo_url":"","custom_url":""},"blocks":{}}},"block_order":["footer_copyright_YdKQ3x","footer_policy_list_ErQM9U","social_links_W6LiWP"],"settings":{"section_width":"page-width","gap":24,"divider_thickness":1,"color_scheme":"","padding-block-start":12,"padding-block-end":16}}},"order":["utilities"]}